{
    "Buenos Aires": {
        "peso": {
            "Sergio Massa": 45.73,
            "Javier Milei": 23.29,
            "Patricia Bullrich": 20.0,
            "Juan Schiaretti": 6.71,
            "Mirian Bregman": 1.0,
            "Votos en Blanco y Nulos": 2.27,
            "No fue a votar": 1
        },
        "poblacion": 17569053,
        "votos": {
            "Sergio Massa": 4330502.7579891,
            "Javier Milei": 2205497.6871543,
            "Patricia Bullrich": 1893943.9134000004,
            "Juan Schiaretti": 635418.1829457001,
            "Mirian Bregman": 94697.19567000002,
            "Votos en Blanco y Nulos": 214962.6341709,
            "No fue a votar": 0
        }
    },
    "Catamarca": {
        "peso": {
            "Sergio Massa": 42.02,
            "Javier Milei": 32.47,
            "Patricia Bullrich": 17.74,
            "Juan Schiaretti": 4.77,
            "Mirian Bregman": 1,
            "Votos en Blanco y Nulos": 1.0,
            "No fue a votar": 1
        },
        "poblacion": 429556,
        "votos": {
            "Sergio Massa": 97289.19341680002,
            "Javier Milei": 75178.0130948,
            "Patricia Bullrich": 41073.543341599994,
            "Juan Schiaretti": 11044.0136268,
            "Mirian Bregman": 2315.30684,
            "Votos en Blanco y Nulos": 2315.30684,
            "No fue a votar": 0
        }
    },
    "Chaco": {
        "peso": {
            "Sergio Massa": 41.83,
            "Javier Milei": 29.08,
            "Patricia Bullrich": 21.16,
            "Juan Schiaretti": 4.93,
            "Mirian Bregman": 1.0,
            "Votos en Blanco y Nulos": 1,
            "No fue a votar": 1
        },
        "poblacion": 1142963,
        "votos": {
            "Sergio Massa": 257696.66694310002,
            "Javier Milei": 179149.39217560002,
            "Patricia Bullrich": 130357.6732612,
            "Juan Schiaretti": 30371.612910099997,
            "Mirian Bregman": 6160.57057,
            "Votos en Blanco y Nulos": 6160.57057,
            "No fue a votar": 0
        }
    },
    "Chubut": {
        "peso": {
            "Sergio Massa": 33.29,
            "Javier Milei": 37.29,
            "Patricia Bullrich": 14.83,
            "Juan Schiaretti": 4.99,
            "Mirian Bregman": 6.93,
            "Votos en Blanco y Nulos": 1.67,
            "No fue a votar": 1
        },
        "poblacion": 603120,
        "votos": {
            "Sergio Massa": 108219.69127200003,
            "Javier Milei": 121222.95847200003,
            "Patricia Bullrich": 48209.613144,
            "Juan Schiaretti": 16221.575832000002,
            "Mirian Bregman": 22528.160424,
            "Votos en Blanco y Nulos": 5428.864056,
            "No fue a votar": 0
        }
    },
    "Ciudad Autonoma de Buenos Aires": {
        "peso": {
            "Sergio Massa": 29.69,
            "Javier Milei": 17.22,
            "Patricia Bullrich": 41.64,
            "Juan Schiaretti": 5.96,
            "Mirian Bregman": 3.49,
            "Votos en Blanco y Nulos": 1,
            "No fue a votar": 1
        },
        "poblacion": 3121707,
        "votos": {
            "Sergio Massa": 499563.9616737001,
            "Javier Milei": 289743.7325706,
            "Patricia Bullrich": 700634.6703972,
            "Juan Schiaretti": 100282.96435080002,
            "Mirian Bregman": 58722.74254770001,
            "Votos en Blanco y Nulos": 16826.00073,
            "No fue a votar": 0
        }
    },
    "Cordoba": {
        "peso": {
            "Sergio Massa": 16.16,
            "Javier Milei": 33.37,
            "Patricia Bullrich": 19.02,
            "Juan Schiaretti": 26.83,
            "Mirian Bregman": 1,
            "Votos en Blanco y Nulos": 1.38,
            "No fue a votar": 2.24
        },
        "poblacion": 3978984,
        "votos": {
            "Sergio Massa": 346579.05596160004,
            "Javier Milei": 715677.1718712001,
            "Patricia Bullrich": 407916.68591520004,
            "Juan Schiaretti": 575415.5984808,
            "Mirian Bregman": 21446.72376,
            "Votos en Blanco y Nulos": 29596.478788800003,
            "No fue a votar": 0
        }
    },
    "Corrientes": {
        "peso": {
            "Sergio Massa": 31.36,
            "Javier Milei": 25.8,
            "Patricia Bullrich": 35.77,
            "Juan Schiaretti": 3.28,
            "Mirian Bregman": 1,
            "Votos en Blanco y Nulos": 1.79,
            "No fue a votar": 1
        },
        "poblacion": 1197553,
        "votos": {
            "Sergio Massa": 202422.86261120002,
            "Javier Milei": 166534.11528600001,
            "Patricia Bullrich": 230888.57766590003,
            "Juan Schiaretti": 21171.7789976,
            "Mirian Bregman": 6454.810670000001,
            "Votos en Blanco y Nulos": 11554.1110993,
            "No fue a votar": 0
        }
    },
    "Entre Rios": {
        "peso": {
            "Sergio Massa": 35.96,
            "Javier Milei": 26.98,
            "Patricia Bullrich": 25.29,
            "Juan Schiaretti": 1.2,
            "Mirian Bregman": 1,
            "Votos en Blanco y Nulos": 8.57,
            "No fue a votar": 1
        },
        "poblacion": 1426426,
        "votos": {
            "Sergio Massa": 276476.16359440004,
            "Javier Milei": 207434.00705720004,
            "Patricia Bullrich": 194440.5499806,
            "Juan Schiaretti": 9226.123368,
            "Mirian Bregman": 7688.436140000001,
            "Votos en Blanco y Nulos": 65889.8977198,
            "No fue a votar": 0
        }
    },
    "Formosa": {
        "peso": {
            "Sergio Massa": 47.46,
            "Javier Milei": 28.67,
            "Patricia Bullrich": 10.52,
            "Juan Schiaretti": 3.81,
            "Mirian Bregman": 5.36,
            "Votos en Blanco y Nulos": 1.12,
            "No fue a votar": 3.06
        },
        "poblacion": 606041,
        "votos": {
            "Sergio Massa": 155030.98458540003,
            "Javier Milei": 93652.30358330002,
            "Patricia Bullrich": 34364.2216148,
            "Juan Schiaretti": 12445.597371900003,
            "Mirian Bregman": 17508.766906400004,
            "Votos en Blanco y Nulos": 3658.548308800001,
            "No fue a votar": 0
        }
    },
    "Jujuy": {
        "peso": {
            "Sergio Massa": 36.56,
            "Javier Milei": 35.39,
            "Patricia Bullrich": 19.23,
            "Juan Schiaretti": 4.95,
            "Mirian Bregman": 1,
            "Votos en Blanco y Nulos": 1,
            "No fue a votar": 1.87
        },
        "poblacion": 797955,
        "votos": {
            "Sergio Massa": 157243.735572,
            "Javier Milei": 152211.59195550001,
            "Patricia Bullrich": 82707.7963635,
            "Juan Schiaretti": 21289.8383775,
            "Mirian Bregman": 4300.97745,
            "Votos en Blanco y Nulos": 4300.97745,
            "No fue a votar": 0
        }
    },
    "La Pampa": {
        "peso": {
            "Sergio Massa": 42.44,
            "Javier Milei": 33.67,
            "Patricia Bullrich": 14.41,
            "Juan Schiaretti": 2.8,
            "Mirian Bregman": 2.3,
            "Votos en Blanco y Nulos": 3.38,
            "No fue a votar": 1
        },
        "poblacion": 377576,
        "votos": {
            "Sergio Massa": 86371.11412160001,
            "Javier Milei": 68522.98332880001,
            "Patricia Bullrich": 29326.290162400008,
            "Juan Schiaretti": 5698.376992,
            "Mirian Bregman": 4680.809672,
            "Votos en Blanco y Nulos": 6878.7550832000015,
            "No fue a votar": 0
        }
    },
    "La Rioja": {
        "peso": {
            "Sergio Massa": 53.18,
            "Javier Milei": 24.96,
            "Patricia Bullrich": 12.93,
            "Juan Schiaretti": 3.47,
            "Mirian Bregman": 1.64,
            "Votos en Blanco y Nulos": 1.0,
            "No fue a votar": 2.82
        },
        "poblacion": 384356,